<?xml version="1.0" encoding="UTF-8" standalone="yes"?>
<addon id="repository.chawy" name="chawy official Repo" version="1.0.0" provider-name="chawy">
	<extension point="xbmc.addon.repository" name="Chawy official Repo">
		<info compressed="false">https://raw.githubusercontent.com/vasquez07/chawy/master/addons.xml</info>
		<checksum>https://raw.githubusercontent.com/vasquez07/chawy/master/addons.xml.md5</checksum>
		<datadir zip="true">https://raw.githubusercontent.com/vasquez07/chawy/master</datadir>
	</extension>
	<extension point="xbmc.addon.metadata">
		<summary>chawy official Repo</summary>
   		<description lang="en">Instala los Addons de Super Chawy.</description>
		<disclaimer></disclaimer>
		<platform>all</platform>
	</extension>
</addon>