<?xml version="BETA" encoding="UTF-8" standalone="yes"?>
<addon id="plugin.video.CHAWYTV"
       name="[COLOR cyan][/COLOR][COLOR red][COLOR blue] CHA[/COLOR][COLOR white]WY[/COLOR]TV[/COLOR]"
       version="BETA"
       provider-name="LUIS VASQUEZ">
  <requires>
    <import addon="xbmc.python" version="2.1.0"/>
	<import addon="script.module.t0mm0.common" version="2.0.0"/>
    <import addon="script.module.beautifulsoup" version="3.2.1"/>
    <import addon="script.module.simple.downloader" version="0.9.4"/>
    <import addon="script.module.beautifulsoup4" />
    <import addon="script.module.simple.downloader" version="0.9.4"/>
    <import addon="script.module.requests" />
    <import addon="script.module.httplib2" />
    <import addon="script.module.youtube.dl" optional="true"/>
    <import addon="plugin.video.youtube" version="3.0.0"/>
    <import addon="script.module.urlresolver" optional="true"/>
    <import addon="script.module.simplejson" /> 
    <import addon="script.common.plugin.cache" version="2.5.2"/>
    <import addon="script.module.metahandler" version="2.5.1"/>

  </requires>
  <extension point="xbmc.python.pluginsource" library="default.py">
    <provides>video</provides>
  </extension>
  <extension point="xbmc.addon.metadata">
    <summary lang="en">Lista de canales CHAWYTV</summary>
    <description lang="en">CANALES RETRASMITIDOS POR INTERNET Y OTRAS PLATAFORMAS, ESTE ADDON ES GRATIS, NO PAGUES POR EL. AGRADECIMIENTO A (Ecuafulltotal)</description>
    <platform>all</platform>
  </extension>
</addon>
